bank,year,SB,JEB,NPL,ROA,CLR,AS,Total Assets ($M),AFCR,CPI,ED,IR,LMD,IRMT
Beijing,2012,0,0,0.0059,0.0113,0.2334,13.93,1119969,0.025,0.026,0.078,3.258,7.078,2.911518
Beijing,2013,0,0,0.0065,0.011,0.21,14.11,1336764,0.025,0.026,0.0777,3.347,5.874,5.621088
Beijing,2014,0,0,0.0086,0.0109,0.2,14.24,1524437,0.0278,0.02,0.0743,3.882,1.542,0.372331
Beijing,2015,0,0,0.0112,0.01,0.19,14.43,1844909,0.0311,0.014,0.0704,5.376,0.826,0.442608
Beijing,2016,0,0,0.0127,0.009,0.19,14.57,2116339,0.0325,0.02,0.0685,6.831,0.157,0.615456
Beijing,2017,0,0,0.0134,0.0085,0.18,14.66,2329805,0.033,0.016,0.0695,5.551,0.452,0.658488
Beijing,2018,0,0,0.0146,0.0082,0.18,14.76,2572865,0.0318,0.021,0.0675,4.528,1.018,1.32136
Beijing,2019,0,0,0.014,0.0081,0.18,14.82,2737040,0.0315,0.029,0.0595,4.612,1.321,1.932825
Beijing,2020,0,0,0.0127,0.0077,0.21,14.88,2900014,0.0338,0.025,0.0224,4.357,1.433,2.685919
Beijing,2021,0,0,0.0084,0.0075,0.26,14.93,3058959,0.0303,0.009,0.0811,3.763,2.617,3.593974
Beijing,2022,0,0,0.0093,0.0077,0.32,15.04,3387952,0.03,0.02,0.03,3.321,3.348,4.413906
Changshu,2012,0,0,0.0156,0.0122,0.1001,11.21,74151,0.0352,0.026,0.078,3.258,7.078,0.0
Changshu,2013,0,0,0.0142,0.0126,0.1094,11.34,84413,0.0331,0.026,0.0777,3.347,5.874,0.0
Changshu,2014,0,0,0.0162,0.0108,0.1,11.53,101670,0.0303,0.02,0.0743,3.882,1.542,0.0
Changshu,2015,0,0,0.0128,0.0094,0.12,11.59,108504,0.0314,0.014,0.0704,5.376,0.826,0.274699
Changshu,2016,0,0,0.014,0.0088,0.12,11.78,129982,0.033,0.02,0.0685,6.831,0.157,0.097509
Changshu,2017,0,0,0.0114,0.0096,0.13,11.89,145825,0.0372,0.016,0.0695,5.551,0.452,0.455172
Changshu,2018,0,0,0.0099,0.0101,0.13,12.02,166704,0.0438,0.021,0.0675,4.528,1.018,0.410302
Changshu,2019,0,0,0.0096,0.0108,0.13,12.13,184839,0.0463,0.029,0.0595,4.612,1.321,1.164845
Changshu,2020,0,0,0.0094,0.0098,0.16,12.25,208685,0.0466,0.025,0.0224,4.357,1.433,1.180239
Changshu,2021,0,0,0.0081,0.0103,0.21,12.42,246583,0.0433,0.009,0.0811,3.763,2.617,1.896586
Changshu,2022,0,0,0.0071,0.011,0.27,12.57,287881,0.0435,0.02,0.03,3.321,3.348,3.829894
Chengdu,2012,0,0,0.0212,0.0121,0.1521,12.39,240299,0.026,0.026,0.078,3.258,7.078,0.0
Chengdu,2013,0,0,0.0072,0.0119,0.1812,12.47,261277,0.0261,0.026,0.0777,3.347,5.874,0.085969
Chengdu,2014,0,0,0.0119,0.0127,0.25,12.61,300230,0.03,0.02,0.0743,3.882,1.542,0.24497
Chengdu,2015,0,0,0.0235,0.0091,0.23,12.65,312445,0.0376,0.014,0.0704,5.376,0.826,0.047334
Chengdu,2016,0,0,0.0221,0.0076,0.26,12.8,360947,0.0343,0.02,0.0685,6.831,0.157,0.054287
Chengdu,2017,0,0,0.0169,0.0098,0.25,12.98,434539,0.0695,0.016,0.0695,5.551,0.452,0.133854
Chengdu,2018,0,0,0.0154,0.01,0.29,13.11,492285,0.0364,0.021,0.0675,4.528,1.018,0.310785
Chengdu,2019,0,0,0.0143,0.0106,0.32,13.23,558386,0.0363,0.029,0.0595,4.612,1.321,1.006162
Chengdu,2020,0,0,0.0137,0.01,0.36,13.39,652434,0.0401,0.025,0.0224,4.357,1.433,1.038073
Chengdu,2021,0,0,0.0098,0.011,0.43,13.55,768346,0.0395,0.009,0.0811,3.763,2.617,1.385681
Chengdu,2022,0,0,0.0078,0.0119,0.45,13.73,917650,0.0389,0.02,0.03,3.321,3.348,2.32761
Chongqing,2012,0,0,0.0033,0.0136,0.0491,11.96,156148,0.018,0.026,0.078,3.258,7.078,0.015876
Chongqing,2013,0,0,0.0039,0.0128,0.0525,12.24,206787,0.0206,0.026,0.0777,3.347,5.874,0.165081
Chongqing,2014,0,0,0.0069,0.0117,0.0412,12.52,274531,0.0219,0.02,0.0743,3.882,1.542,0.212234
Chongqing,2015,0,0,0.0097,0.0107,0.0542,12.68,319808,0.0237,0.014,0.0704,5.376,0.826,0.21506
Chongqing,2016,0,0,0.0096,0.0101,0.055,12.83,373104,0.028,0.02,0.0685,6.831,0.157,0.208975
Chongqing,2017,0,0,0.0135,0.0095,0.0954,12.95,422763,0.0285,0.016,0.0695,5.551,0.452,0.802366
Chongqing,2018,0,0,0.0136,0.0088,0.1046,13.02,450369,0.0308,0.021,0.0675,4.528,1.018,0.982605
Chongqing,2019,0,0,0.0127,0.0091,0.1298,13.12,501232,0.0356,0.029,0.0595,4.612,1.321,1.942968
Chongqing,2020,0,0,0.0127,0.0086,0.1429,13.24,561641,0.0392,0.025,0.0224,4.357,1.433,2.35083
Chongqing,2021,0,0,0.013,0.0082,0.1521,13.34,618954,0.0356,0.009,0.0811,3.763,2.617,3.759616
Chongqing,2022,0,0,0.0138,0.0078,0.1719,13.44,684713,0.0291,0.02,0.03,3.321,3.348,6.34445
Gongshang,2012,1,0,0.0085,0.0145,0.306,16.68,17542217,0.025,0.026,0.078,3.258,7.078,1.81894
Gongshang,2013,1,0,0.0094,0.0144,0.295,16.76,18917752,0.0243,0.026,0.0777,3.347,5.874,3.101403
Gongshang,2014,1,0,0.0113,0.014,0.29,16.84,20609953,0.0234,0.02,0.0743,3.882,1.542,0.734497
Gongshang,2015,1,0,0.015,0.013,0.28,16.92,22209780,0.0235,0.014,0.0704,5.376,0.826,0.501204
Gongshang,2016,1,0,0.0162,0.012,0.28,17.0,24137265,0.0222,0.02,0.0685,6.831,0.157,0.94452
Gongshang,2017,1,0,0.0155,0.0114,0.31,17.08,26087043,0.0239,0.016,0.0695,5.551,0.452,1.296986
Gongshang,2018,1,0,0.0152,0.0111,0.32,17.14,27699540,0.0268,0.021,0.0675,4.528,1.018,2.146621
Gongshang,2019,1,0,0.0143,0.0108,0.32,17.22,30109436,0.0286,0.029,0.0595,4.612,1.321,1.829632
Gongshang,2020,0,0,0.0158,0.01,0.34,17.32,33345058,0.0285,0.025,0.0224,4.357,1.433,2.815721
Gongshang,2021,0,0,0.0142,0.0102,0.34,17.38,35171383,0.0292,0.009,0.0811,3.763,2.617,3.321712
Gongshang,2022,0,0,0.0138,0.0097,0.35,17.49,39609657,0.029,0.02,0.03,3.321,3.348,6.992345
Guangda,2012,0,1,0.0074,0.0118,0.3059,12.04,168751,0.0253,0.026,0.078,3.258,7.078,0.289134
Guangda,2013,0,1,0.0086,0.0114,0.31,14.7,2415086,0.0207,0.026,0.0777,3.347,5.874,0.210602
Guangda,2014,0,1,0.0119,0.0112,0.31,14.82,2737010,0.0216,0.02,0.0743,3.882,1.542,0.318519
Guangda,2015,0,1,0.0161,0.01,0.29,14.97,3167710,0.0252,0.014,0.0704,5.376,0.826,0.713123
Guangda,2016,0,1,0.016,0.0085,0.27,15.21,4020042,0.0243,0.02,0.0685,6.831,0.157,0.515743
Guangda,2017,0,1,0.0159,0.0078,0.29,15.22,4088243,0.0252,0.016,0.0695,5.551,0.452,0.922096
Guangda,2018,0,1,0.0159,0.008,0.32,15.29,4357332,0.028,0.021,0.0675,4.528,1.018,1.534578
Guangda,2019,0,1,0.0156,0.0082,0.31,15.37,4733431,0.0283,0.029,0.0595,4.612,1.321,1.900606
Guangda,2020,0,1,0.0138,0.0075,0.31,15.5,5368110,0.0253,0.025,0.0224,4.357,1.433,1.984272
Guangda,2021,0,1,0.0125,0.0077,0.33,15.59,5902069,0.0234,0.009,0.0811,3.763,2.617,3.088842
Guangda,2022,0,1,0.0125,0.0074,0.3338,15.66,6300510,0.0235,0.02,0.03,3.321,3.348,5.098155
Guiyang,2012,0,0,0.006,0.0172,0.0721,11.57,105719,0.037,0.026,0.078,3.258,7.078,0.0
Guiyang,2013,0,0,0.0059,0.0158,0.08,11.72,122549,0.0331,0.026,0.0777,3.347,5.874,0.0
Guiyang,2014,0,0,0.0081,0.0176,0.09,11.96,156100,0.0326,0.02,0.0743,3.882,1.542,0.089431
Guiyang,2015,0,0,0.0148,0.0164,0.08,12.38,238197,0.0356,0.014,0.0704,5.376,0.826,0.405118
Guiyang,2016,0,0,0.0142,0.0121,0.09,12.83,372253,0.0333,0.02,0.0685,6.831,0.157,0.285238
Guiyang,2017,0,0,0.0134,0.011,0.11,13.05,464106,0.0361,0.016,0.0695,5.551,0.452,0.249664
Guiyang,2018,0,0,0.0135,0.0108,0.11,13.13,503326,0.036,0.021,0.0675,4.528,1.018,0.318773
Guiyang,2019,0,0,0.0145,0.0113,0.09,13.24,560399,0.0423,0.029,0.0595,4.612,1.321,1.281392
Guiyang,2020,0,0,0.0153,0.0107,0.14,13.29,590680,0.0425,0.025,0.0224,4.357,1.433,0.779756
Guiyang,2021,0,0,0.0145,0.0104,0.13,13.32,608687,0.0394,0.009,0.0811,3.763,2.617,1.018693
Guiyang,2022,0,0,0.0145,0.01,0.1279,13.38,645998,0.0379,0.02,0.03,3.321,3.348,1.987802
Hangzhou,2012,0,0,0.0097,0.0125,0.1053,12.69,324984,0.025,0.026,0.078,3.258,7.078,0.122633
Hangzhou,2013,0,0,0.0119,0.0114,0.1189,12.74,340189,0.0253,0.026,0.0777,3.347,5.874,0.074287
Hangzhou,2014,0,0,0.012,0.0093,0.11,12.94,418541,0.0235,0.02,0.0743,3.882,1.542,0.196127
Hangzhou,2015,0,0,0.0136,0.0077,0.13,13.21,545315,0.0264,0.014,0.0704,5.376,0.826,0.143413
Hangzhou,2016,0,0,0.0162,0.0063,0.13,13.49,720424,0.0303,0.02,0.0685,6.831,0.157,0.372029
Hangzhou,2017,0,0,0.0159,0.0059,0.18,13.63,833339,0.0336,0.016,0.0695,5.551,0.452,0.530269
Hangzhou,2018,0,0,0.0145,0.0062,0.19,13.73,921056,0.0371,0.021,0.0675,4.528,1.018,0.953299
Hangzhou,2019,0,0,0.0134,0.0068,0.19,13.84,1024070,0.0423,0.029,0.0595,4.612,1.321,1.272047
Hangzhou,2020,0,0,0.0107,0.0065,0.18,13.97,1169257,0.0502,0.025,0.0224,4.357,1.433,0.973424
Hangzhou,2021,0,0,0.0086,0.0072,0.19,14.15,1390565,0.0486,0.009,0.0811,3.763,2.617,1.753135
Hangzhou,2022,0,0,0.0077,0.0078,0.21,14.3,1616538,0.0436,0.02,0.03,3.321,3.348,3.608788
Hunong,2012,0,0,0.0126,0.0109,0.1232,12.8,361968,0.0283,0.026,0.078,3.258,7.078,0.053494
Hunong,2013,0,0,0.0128,0.011,0.117,12.95,420892,0.026,0.026,0.0777,3.347,5.874,0.07817
Hunong,2014,0,0,0.0127,0.0111,0.13,13.09,485303,0.0272,0.02,0.0743,3.882,1.542,0.069066
Hunong,2015,0,0,0.0138,0.0108,0.12,13.28,587014,0.0279,0.014,0.0704,5.376,0.826,0.089678
Hunong,2016,0,0,0.0129,0.0092,0.14,13.47,710881,0.0286,0.02,0.0685,6.831,0.157,0.237357
Hunong,2017,0,0,0.013,0.0088,0.15,13.59,802058,0.033,0.016,0.0695,5.551,0.452,0.311514
Hunong,2018,0,0,0.0113,0.0087,0.15,13.63,833713,0.0387,0.021,0.0675,4.528,1.018,0.715936
Hunong,2019,0,0,0.009,0.0101,0.15,13.74,929938,0.039,0.029,0.0595,4.612,1.321,1.039494
Hunong,2020,0,0,0.0099,0.0085,0.15,13.87,1056977,0.0414,0.025,0.0224,4.357,1.433,1.969561
Hunong,2021,0,0,0.0095,0.0091,0.16,13.96,1158376,0.042,0.009,0.0811,3.763,2.617,2.577406
Hunong,2022,0,0,0.0094,0.0093,0.16,14.06,1281399,0.0421,0.02,0.03,3.321,3.348,4.770817
Huaxia,2012,0,1,0.0088,0.0094,0.1545,14.21,1488860,0.0282,0.026,0.078,3.258,7.078,0.046366
Huaxia,2013,0,1,0.009,0.0098,0.15,14.33,1672447,0.0273,0.026,0.0777,3.347,5.874,0.124416
Huaxia,2014,0,1,0.0109,0.0102,0.14,14.43,1851628,0.0254,0.02,0.0743,3.882,1.542,0.142145
Huaxia,2015,0,1,0.0152,0.0098,0.14,14.52,2020604,0.0255,0.014,0.0704,5.376,0.826,0.206491
Huaxia,2016,0,1,0.0167,0.009,0.16,14.67,2356235,0.0265,0.02,0.0685,6.831,0.157,0.289411
Huaxia,2017,0,1,0.0176,0.0082,0.19,14.74,2508927,0.0276,0.016,0.0695,5.551,0.452,0.312168
Huaxia,2018,0,1,0.0185,0.0081,0.21,14.8,2680580,0.0293,0.021,0.0675,4.528,1.018,0.23584
Huaxia,2019,0,1,0.0183,0.0078,0.2,14.92,3020789,0.0259,0.029,0.0595,4.612,1.321,0.523814
Huaxia,2020,0,1,0.018,0.0067,0.23,15.04,3399816,0.0265,0.025,0.0224,4.357,1.433,0.412162
Huaxia,2021,0,1,0.0177,0.0068,0.23,15.12,3676287,0.0267,0.009,0.0811,3.763,2.617,0.421996
Huaxia,2022,0,1,0.0175,0.0067,0.2477,15.18,3900167,0.028,0.02,0.03,3.321,3.348,1.100754
Jianshe,2012,1,0,0.0099,0.0147,0.2775,16.45,13972828,0.0269,0.026,0.078,3.258,7.078,0.111827
Jianshe,2013,1,0,0.0099,0.0147,0.272,16.55,15363210,0.0266,0.026,0.0777,3.347,5.874,0.158073
Jianshe,2014,1,0,0.0119,0.0142,0.27,16.63,16744130,0.0266,0.02,0.0743,3.882,1.542,0.305003
Jianshe,2015,1,0,0.0158,0.013,0.29,16.73,18349489,0.0239,0.014,0.0704,5.376,0.826,0.676874
Jianshe,2016,1,0,0.0152,0.0118,0.3,16.86,20963705,0.0229,0.02,0.0685,6.831,0.157,0.792395
Jianshe,2017,1,0,0.0149,0.0113,0.3,16.91,22124383,0.0255,0.016,0.0695,5.551,0.452,0.993877
Jianshe,2018,1,0,0.0146,0.0113,0.31,16.96,23222693,0.0304,0.021,0.0675,4.528,1.018,1.81894
Jianshe,2019,1,0,0.0142,0.0111,0.33,17.05,25436261,0.0323,0.029,0.0595,4.612,1.321,3.101403
Jianshe,2020,0,0,0.0156,0.0102,0.32,17.15,28132254,0.0333,0.025,0.0224,4.357,1.433,2.317815
Jianshe,2021,0,0,0.0142,0.0104,0.34,17.23,30253979,0.034,0.009,0.0811,3.763,2.617,2.911518
Jianshe,2022,0,0,0.0138,0.01,0.38,17.36,34601917,0.0334,0.02,0.03,3.321,3.348,5.621088
Jiangsu,2012,0,0,0.0101,0.0121,0.0556,13.39,650329,0.0266,0.026,0.078,3.258,7.078,0.02075
Jiangsu,2013,0,0,0.0115,0.0116,0.0499,13.55,763652,0.0258,0.026,0.0777,3.347,5.874,0.141429
Jiangsu,2014,0,0,0.013,0.0097,0.07,13.85,1038309,0.0269,0.02,0.0743,3.882,1.542,0.191389
Jiangsu,2015,0,0,0.0143,0.0082,0.06,14.07,1290333,0.0274,0.014,0.0704,5.376,0.826,0.311756
Jiangsu,2016,0,0,0.0143,0.0074,0.12,14.28,1598292,0.0259,0.02,0.0685,6.831,0.157,0.836396
Jiangsu,2017,0,0,0.0141,0.0071,0.15,14.39,1770551,0.026,0.016,0.0695,5.551,0.452,0.887775
Jiangsu,2018,0,0,0.0139,0.0072,0.2,14.47,1925823,0.0284,0.021,0.0675,4.528,1.018,1.599836
Jiangsu,2019,0,0,0.0138,0.0075,0.23,14.54,2065058,0.0321,0.029,0.0595,4.612,1.321,2.130276
Jiangsu,2020,0,0,0.0132,0.0071,0.33,14.66,2337893,0.0338,0.025,0.0224,4.357,1.433,1.79449
Jiangsu,2021,0,0,0.0108,0.0082,0.37,14.78,2618874,0.0333,0.009,0.0811,3.763,2.617,2.054668
Jiangsu,2022,0,0,0.0094,0.0094,0.38,14.91,2980295,0.0341,0.02,0.03,3.321,3.348,4.883696
Jiangyin,2012,0,0,0.0123,0.0154,0.003,11.2,73410,0.0315,0.026,0.078,3.258,7.078,0.0
Jiangyin,2013,0,0,0.0119,0.0137,0.0022,11.24,76044,0.0282,0.026,0.0777,3.347,5.874,0.056693
Jiangyin,2014,0,0,0.0191,0.0107,0.0017,11.33,83586,0.0329,0.02,0.0743,3.882,1.542,0.039485
Jiangyin,2015,0,0,0.0217,0.0094,0.0113,11.41,90478,0.0368,0.014,0.0704,5.376,0.826,0.148862
Jiangyin,2016,0,0,0.0239,0.0079,0.0104,11.55,104085,0.046,0.02,0.0685,6.831,0.157,0.381971
Jiangyin,2017,0,0,0.0215,0.0071,0.0148,11.6,109403,0.0503,0.016,0.0695,5.551,0.452,0.382023
Jiangyin,2018,0,0,0.0183,0.007,0.0123,11.65,114853,0.0461,0.021,0.0675,4.528,1.018,0.677159
Jiangyin,2019,0,0,0.0179,0.0084,0.0134,11.75,126343,0.0403,0.029,0.0595,4.612,1.321,0.680701
Jiangyin,2020,0,0,0.0132,0.008,0.0176,11.87,142766,0.0437,0.025,0.0224,4.357,1.433,0.721005
Jiangyin,2021,0,0,0.0098,0.0087,0.0335,11.94,153128,0.046,0.009,0.0811,3.763,2.617,1.922239
Jiangyin,2022,0,0,0.0097,0.01,0.0497,12.04,168751,0.0466,0.02,0.03,3.321,3.348,3.534324
Jiaotong,2012,1,0,0.0092,0.0118,0.2753,15.48,5273379,0.023,0.026,0.078,3.258,7.078,0.126411
Jiaotong,2013,1,0,0.0105,0.0111,0.254,15.6,5960937,0.0224,0.026,0.0777,3.347,5.874,0.123719
Jiaotong,2014,1,0,0.0125,0.0108,0.2864,15.65,6268299,0.0224,0.02,0.0743,3.882,1.542,0.206392
Jiaotong,2015,1,0,0.0151,0.01,0.286,15.78,7155362,0.0235,0.014,0.0704,5.376,0.826,0.250503
Jiaotong,2016,1,0,0.0152,0.0087,0.3038,15.94,8403166,0.0229,0.02,0.0685,6.831,0.157,0.436368
Jiaotong,2017,1,0,0.015,0.0081,0.3135,16.02,9038254,0.023,0.016,0.0695,5.551,0.452,0.877276
Jiaotong,2018,1,0,0.0149,0.008,0.3203,16.07,9531171,0.0259,0.021,0.0675,4.528,1.018,0.860388
Jiaotong,2019,1,0,0.0147,0.008,0.3477,16.11,9905600,0.0253,0.029,0.0595,4.612,1.321,2.167558
Jiaotong,2020,0,0,0.0167,0.0077,0.31,16.19,10697616,0.024,0.025,0.0224,4.357,1.433,1.852721
Jiaotong,2021,0,0,0.0148,0.008,0.3179,16.27,11665757,0.0246,0.009,0.0811,3.763,2.617,2.664352
Jiaotong,2022,0,0,0.0135,0.0075,0.3374,16.38,12992419,0.0244,0.02,0.03,3.321,3.348,5.041907
Lanzhou,2012,0,0,0.0085,0.0106,0.075,11.46,94640,0.0201,0.026,0.078,3.258,7.078,0.012924
Lanzhou,2013,0,0,0.0091,0.0102,0.065,11.74,125580,0.0211,0.026,0.0777,3.347,5.874,0.15385
Lanzhou,2014,0,0,0.0113,0.0106,0.0647,11.95,155163,0.0282,0.02,0.0743,3.882,1.542,0.123565
Lanzhou,2015,0,0,0.018,0.0097,0.0516,12.23,205574,0.0311,0.014,0.0704,5.376,0.826,0.028019
Lanzhou,2016,0,0,0.0177,0.0092,0.0524,12.46,257364,0.0342,0.02,0.0685,6.831,0.157,0.217942
Lanzhou,2017,0,0,0.0209,0.009,0.0701,12.51,270827,0.0368,0.016,0.0695,5.551,0.452,0.160248
Lanzhou,2018,0,0,0.0225,0.0079,0.0745,12.62,303902,0.0315,0.021,0.0675,4.528,1.018,0.339647
Lanzhou,2019,0,0,0.0244,0.0047,0.1195,12.73,336683,0.0391,0.029,0.0595,4.612,1.321,0.55967
Lanzhou,2020,0,0,0.0175,0.0044,0.1278,12.8,362319,0.0318,0.025,0.0224,4.357,1.433,0.518958
Lanzhou,2021,0,0,0.0173,0.0042,0.1655,12.9,400341,0.0332,0.009,0.0811,3.763,2.617,1.410176
Lanzhou,2022,0,0,0.0171,0.0042,0.1356,12.99,435926,0.0333,0.02,0.03,3.321,3.348,2.488036
Minsheng,2012,0,1,0.0076,0.0141,0.1411,14.98,3212001,0.0239,0.026,0.078,3.258,7.078,0.183879
Minsheng,2013,0,1,0.0085,0.0134,0.1731,14.99,3226210,0.0221,0.026,0.0777,3.347,5.874,0.334228
Minsheng,2014,0,1,0.0117,0.0126,0.1834,15.21,4015136,0.0212,0.02,0.0743,3.882,1.542,0.583733
Minsheng,2015,0,1,0.016,0.011,0.1847,15.32,4520688,0.0246,0.014,0.0704,5.376,0.826,0.750319
Minsheng,2016,0,1,0.0168,0.0094,0.2005,15.59,5895877,0.0262,0.02,0.0685,6.831,0.157,0.789449
Minsheng,2017,0,1,0.0171,0.0086,0.2418,15.59,5902086,0.0266,0.016,0.0695,5.551,0.452,1.398988
Minsheng,2018,0,1,0.0176,0.0085,0.2373,15.61,5994822,0.0236,0.021,0.0675,4.528,1.018,0.74618
Minsheng,2019,0,1,0.0156,0.0087,0.2275,15.71,6681841,0.0243,0.029,0.0595,4.612,1.321,1.205614
Minsheng,2020,0,1,0.0182,0.0052,0.2458,15.75,6950233,0.0253,0.025,0.0224,4.357,1.433,1.42084
Minsheng,2021,0,1,0.0179,0.005,0.2497,15.75,6952786,0.026,0.009,0.0811,3.763,2.617,2.77097
Minsheng,2022,0,1,0.0168,0.005,0.2731,15.8,7255673,0.0239,0.02,0.03,3.321,3.348,5.873351
Nanjing,2012,0,0,0.0083,0.0129,0.1622,12.75,343792,0.0264,0.026,0.078,3.258,7.078,0.089742
Nanjing,2013,0,0,0.0089,0.0116,0.1387,12.98,434057,0.0266,0.026,0.0777,3.347,5.874,0.10268
Nanjing,2014,0,0,0.0094,0.0112,0.1263,13.26,573150,0.0306,0.02,0.0743,3.882,1.542,0.139977
Nanjing,2015,0,0,0.0083,0.0103,0.1156,13.6,805020,0.0357,0.014,0.0704,5.376,0.826,0.236684
Nanjing,2016,0,0,0.0087,0.0089,0.1231,13.88,1063900,0.0399,0.02,0.0685,6.831,0.157,0.546032
Nanjing,2017,0,0,0.0086,0.0089,0.1493,13.95,1141163,0.0398,0.016,0.0695,5.551,0.452,0.933534
Nanjing,2018,0,0,0.0089,0.0094,0.1483,14.03,1243269,0.0411,0.021,0.0675,4.528,1.018,1.244449
Nanjing,2019,0,0,0.0089,0.0097,0.1412,14.11,1343435,0.0373,0.029,0.0595,4.612,1.321,1.285876
Nanjing,2020,0,0,0.0091,0.0092,0.1611,14.23,1517076,0.0358,0.025,0.0224,4.357,1.433,1.997972
Nanjing,2021,0,0,0.0091,0.0098,0.1961,14.37,1748947,0.0363,0.009,0.0811,3.763,2.617,2.574137
Nanjing,2022,0,0,0.009,0.0097,0.2126,14.54,2059484,0.0357,0.02,0.03,3.321,3.348,3.125953
Ningbo,2012,0,0,0.0076,0.0128,0.1787,12.83,373537,0.021,0.026,0.078,3.258,7.078,0.269898
Ningbo,2013,0,0,0.0089,0.0115,0.2375,13.06,467773,0.0227,0.026,0.0777,3.347,5.874,0.216571
Ningbo,2014,0,0,0.0089,0.011,0.2885,13.23,554113,0.0253,0.02,0.0743,3.882,1.542,0.501932
Ningbo,2015,0,0,0.0092,0.0103,0.3055,13.48,716465,0.0285,0.014,0.0704,5.376,0.826,0.601467
Ningbo,2016,0,0,0.0091,0.0098,0.2967,13.69,885020,0.0321,0.02,0.0685,6.831,0.157,0.421247
Ningbo,2017,0,0,0.0082,0.0098,0.2805,13.85,1032042,0.0404,0.016,0.0695,5.551,0.452,0.577787
Ningbo,2018,0,0,0.0078,0.0104,0.3155,13.93,1116423,0.0408,0.021,0.0675,4.528,1.018,0.990987
Ningbo,2019,0,0,0.0078,0.0113,0.3313,14.09,1317717,0.041,0.029,0.0595,4.612,1.321,2.086716
Ningbo,2020,0,0,0.0079,0.0103,0.3505,14.3,1626749,0.0401,0.025,0.0224,4.357,1.433,2.157825
Ningbo,2021,0,0,0.0077,0.0108,0.3523,14.52,2015607,0.0403,0.009,0.0811,3.763,2.617,2.384124
Ningbo,2022,0,0,0.0075,0.0106,0.3642,14.68,2366097,0.0379,0.02,0.03,3.321,3.348,9.132828
Nongye,2012,1,0,0.0133,0.0116,0.2165,16.4,13244342,0.0435,0.026,0.078,3.258,7.078,0.179057
Nongye,2013,1,0,0.0122,0.012,0.2245,16.49,14562102,0.0446,0.026,0.0777,3.347,5.874,0.467747
Nongye,2014,1,0,0.0154,0.0118,0.2218,16.59,15974152,0.0442,0.02,0.0743,3.882,1.542,0.239576
Nongye,2015,1,0,0.0239,0.0107,0.2353,16.69,17791393,0.0453,0.014,0.0704,5.376,0.826,0.996235
Nongye,2016,1,0,0.0237,0.0099,0.2414,16.79,19570061,0.0412,0.02,0.0685,6.831,0.157,1.4372
Nongye,2017,1,0,0.0181,0.0095,0.272,16.86,21053382,0.0377,0.016,0.0695,5.551,0.452,1.424547
Nongye,2018,1,0,0.0159,0.0093,0.2694,16.93,22609471,0.0402,0.021,0.0675,4.528,1.018,1.440152
Nongye,2019,1,0,0.014,0.009,0.2583,17.03,24878288,0.0406,0.029,0.0595,4.612,1.321,2.09504
Nongye,2020,1,0,0.0157,0.0083,0.2759,17.12,27205047,0.0408,0.025,0.0224,4.357,1.433,2.388783
Nongye,2021,1,0,0.0143,0.0086,0.2913,17.19,29069155,0.043,0.009,0.0811,3.763,2.617,2.532357
Nongye,2022,1,0,0.0137,0.0082,0.348,17.34,33927533,0.0416,0.02,0.03,3.321,3.348,5.631522
Pingan,2012,0,1,0.0095,0.0094,0.2048,14.29,1606537,0.0174,0.026,0.078,3.258,7.078,0.289706
Pingan,2013,0,1,0.0089,0.0087,0.2143,14.45,1891741,0.0179,0.026,0.0777,3.347,5.874,0.63692
Pingan,2014,0,1,0.0102,0.0097,0.2697,14.6,2186459,0.0206,0.02,0.0743,3.882,1.542,0.865611
Pingan,2015,0,1,0.0145,0.0093,0.2874,14.73,2507149,0.0241,0.014,0.0704,5.376,0.826,0.911224
Pingan,2016,0,1,0.0174,0.0083,0.2841,14.9,2953434,0.0271,0.02,0.0685,6.831,0.157,0.92156
Pingan,2017,0,1,0.017,0.0075,0.351,14.99,3248474,0.0257,0.016,0.0695,5.551,0.452,1.15873
Pingan,2018,0,1,0.0175,0.0074,0.3982,15.04,3418592,0.0271,0.021,0.0675,4.528,1.018,1.889021
Pingan,2019,0,1,0.0165,0.0077,0.4153,15.19,3939070,0.0301,0.029,0.0595,4.612,1.321,1.801369
Pingan,2020,0,1,0.0118,0.0069,0.413,15.31,4468514,0.0237,0.025,0.0224,4.357,1.433,2.614846
Pingan,2021,0,1,0.0102,0.0077,0.4108,15.41,4921380,0.0294,0.009,0.0811,3.763,2.617,2.637743
Pingan,2022,0,1,0.0105,0.0089,0.3856,15.49,5321514,0.0304,0.02,0.03,3.321,3.348,5.792992
Pufa,2012,0,1,0.0058,0.0118,0.176,14.96,3145707,0.0231,0.026,0.078,3.258,7.078,0.407567
Pufa,2013,0,1,0.0074,0.0121,0.1552,15.12,3680125,0.0236,0.026,0.0777,3.347,5.874,0.417428
Pufa,2014,0,1,0.0106,0.012,0.1755,15.25,4195924,0.0265,0.02,0.0743,3.882,1.542,0.559655
Pufa,2015,0,1,0.0156,0.011,0.2096,15.43,5044352,0.033,0.014,0.0704,5.376,0.826,0.659286
Pufa,2016,0,1,0.0189,0.0098,0.2693,15.58,5857263,0.0319,0.02,0.0685,6.831,0.157,0.802962
Pufa,2017,0,1,0.0214,0.0092,0.3415,15.63,6137240,0.0284,0.016,0.0695,5.551,0.452,1.160703
Pufa,2018,0,1,0.0192,0.0091,0.3735,15.65,6289606,0.0297,0.021,0.0675,4.528,1.018,1.691285
Pufa,2019,0,1,0.0205,0.009,0.4082,15.76,7005929,0.0274,0.029,0.0595,4.612,1.321,1.893105
Pufa,2020,0,1,0.0173,0.0079,0.401,15.89,7950218,0.0264,0.025,0.0224,4.357,1.433,1.95009
Pufa,2021,0,1,0.0161,0.0067,0.4204,15.91,8136757,0.0231,0.009,0.0811,3.763,2.617,2.150721
Pufa,2022,0,1,0.0152,0.0062,0.4198,15.98,8704651,0.0242,0.02,0.03,3.321,3.348,4.863719
Qilu,2012,0,0,0.0115,0.0107,0.0221,11.33,83680,0.0353,0.026,0.078,3.258,7.078,0.135035
Qilu,2013,0,0,0.0096,0.0113,0.0258,11.45,94004,0.0346,0.026,0.0777,3.347,5.874,0.15785
Qilu,2014,0,0,0.0172,0.0101,0.0259,11.72,122881,0.0342,0.02,0.0743,3.882,1.542,0.171257
Qilu,2015,0,0,0.0168,0.0087,0.0364,11.94,152881,0.0345,0.014,0.0704,5.376,0.826,0.217375
Qilu,2016,0,0,0.0154,0.0092,0.0133,12.24,207168,0.0319,0.02,0.0685,6.831,0.157,0.344169
Qilu,2017,0,0,0.0164,0.0091,0.0435,12.37,236295,0.0316,0.016,0.0695,5.551,0.452,0.339949
Qilu,2018,0,0,0.0149,0.0086,0.09,12.49,265737,0.0316,0.021,0.0675,4.528,1.018,0.358274
Qilu,2019,0,0,0.0143,0.0082,0.0946,12.64,307520,0.0304,0.029,0.0595,4.612,1.321,0.545994
Qilu,2020,0,0,0.0135,0.0076,0.0968,12.79,360232,0.0306,0.025,0.0224,4.357,1.433,0.914431
Qilu,2021,0,0,0.0129,0.0077,0.0994,12.98,433414,0.0343,0.009,0.0811,3.763,2.617,1.490419
Qilu,2022,0,0,0.0082,0.0077,0.1234,13.13,506013,0.0363,0.02,0.03,3.321,3.348,2.897129
Qingdao,2012,0,0,0.0076,0.0103,0.0703,11.53,101658,0.0268,0.026,0.078,3.258,7.078,0.186571
Qingdao,2013,0,0,0.0075,0.0096,0.0929,11.82,135689,0.0274,0.026,0.0777,3.347,5.874,0.295629
Qingdao,2014,0,0,0.0114,0.0102,0.0564,11.96,156166,0.0276,0.02,0.0743,3.882,1.542,0.15101
Qingdao,2015,0,0,0.0119,0.0106,0.0558,12.14,187235,0.0281,0.014,0.0704,5.376,0.826,0.10731
Qingdao,2016,0,0,0.0136,0.009,0.0754,12.54,277988,0.0264,0.02,0.0685,6.831,0.157,0.461221
Qingdao,2017,0,0,0.0169,0.0065,0.1053,12.63,306276,0.026,0.016,0.0695,5.551,0.452,0.568393
Qingdao,2018,0,0,0.0168,0.0066,0.1246,12.67,317659,0.0282,0.021,0.0675,4.528,1.018,0.674351
Qingdao,2019,0,0,0.0165,0.0068,0.1614,12.83,373622,0.0256,0.029,0.0595,4.612,1.321,1.483671
Qingdao,2020,0,0,0.0151,0.0059,0.2067,13.04,459828,0.0256,0.025,0.0224,4.357,1.433,1.599391
Qingdao,2021,0,0,0.0134,0.0061,0.2215,13.17,522250,0.0264,0.009,0.0811,3.763,2.617,1.66653
Qingdao,2022,0,0,0.0121,0.006,0.195,13.18,529614,0.0265,0.02,0.03,3.321,3.348,3.082691
Qingnong,2012,0,0,0.0197,0.0127,0.0016,11.53,101553,0.0543,0.026,0.078,3.258,7.078,0.049704
Qingnong,2013,0,0,0.0195,0.0145,0.0001,11.74,125620,0.0484,0.026,0.0777,3.347,5.874,0.173073
Qingnong,2014,0,0,0.024,0.0128,0.0012,11.89,145212,0.0455,0.02,0.0743,3.882,1.542,0.194337
Qingnong,2015,0,0,0.0238,0.012,0.0124,12.01,165080,0.0488,0.014,0.0704,5.376,0.826,0.263005
Qingnong,2016,0,0,0.0201,0.0102,0.0365,12.24,207543,0.0521,0.02,0.0685,6.831,0.157,0.223737
Qingnong,2017,0,0,0.0186,0.0093,0.0498,12.43,251054,0.0506,0.016,0.0695,5.551,0.452,0.288152
Qingnong,2018,0,0,0.0157,0.009,0.0593,12.59,294141,0.0454,0.021,0.0675,4.528,1.018,0.534402
Qingnong,2019,0,0,0.0146,0.009,0.046,12.74,341667,0.0454,0.029,0.0595,4.612,1.321,1.091716
Qingnong,2020,0,0,0.0144,0.008,0.0735,12.92,406811,0.0401,0.025,0.0224,4.357,1.433,1.732703
Qingnong,2021,0,0,0.0174,0.0074,0.0865,12.97,430438,0.0402,0.009,0.0811,3.763,2.617,1.92486
Qingnong,2022,0,0,0.0219,0.0054,0.133,12.98,434791,0.0455,0.02,0.03,3.321,3.348,2.90398
Ruifeng,2012,0,1,0.0088,0.0178,0.0049,10.94,56112,0.0333,0.026,0.078,3.258,7.078,0.0
Ruifeng,2013,0,1,0.0086,0.0163,0.0078,11.03,61466,0.0322,0.026,0.0777,3.347,5.874,0.0
Ruifeng,2014,0,1,0.0184,0.0113,0.0178,11.22,74781,0.0372,0.02,0.0743,3.882,1.542,0.031605
Ruifeng,2015,0,1,0.0172,0.0092,0.1007,11.39,88082,0.032,0.014,0.0704,5.376,0.826,0.058273
Ruifeng,2016,0,1,0.0181,0.0081,0.1104,11.6,109501,0.0344,0.02,0.0685,6.831,0.157,0.077869
Ruifeng,2017,0,1,0.0156,0.0075,0.1256,11.58,106915,0.0354,0.016,0.0695,5.551,0.452,0.051233
Ruifeng,2018,0,1,0.0146,0.0092,0.135,11.56,104978,0.0335,0.021,0.0675,4.528,1.018,0.074888
Ruifeng,2019,0,1,0.0135,0.0098,0.1401,11.61,109919,0.033,0.029,0.0595,4.612,1.321,0.164464
Ruifeng,2020,0,1,0.0132,0.0094,0.1631,11.77,129516,0.0309,0.025,0.0224,4.357,1.433,0.468797
Ruifeng,2021,0,1,0.0125,0.0097,0.199,11.83,136868,0.0317,0.009,0.0811,3.763,2.617,0.813121
Ruifeng,2022,0,1,0.0108,0.0105,0.1721,11.98,159623,0.0303,0.02,0.03,3.321,3.348,2.53241
Xiamen,2012,0,0,0.01,0.0058,0.1257,11.42,91121,0.0355,0.026,0.078,3.258,7.078,0.093347
Xiamen,2013,0,0,0.0099,0.0053,0.0817,11.57,105756,0.0317,0.026,0.0777,3.347,5.874,0.049891
Xiamen,2014,0,0,0.0109,0.0064,0.0333,11.69,119109,0.0306,0.02,0.0743,3.882,1.542,0.126222
Xiamen,2015,0,0,0.0137,0.0064,0.0201,11.98,160320,0.0307,0.014,0.0704,5.376,0.826,0.155738
Xiamen,2016,0,0,0.0151,0.0059,0.0455,12.15,188972,0.0332,0.02,0.0685,6.831,0.157,0.129374
Xiamen,2017,0,0,0.0145,0.0061,0.0371,12.27,212807,0.0284,0.016,0.0695,5.551,0.452,0.642633
Xiamen,2018,0,0,0.0133,0.0064,0.0577,12.36,232414,0.0283,0.021,0.0675,4.528,1.018,0.491124
Xiamen,2019,0,0,0.0118,0.0072,0.0339,12.42,246868,0.0324,0.029,0.0595,4.612,1.321,1.116607
Xiamen,2020,0,0,0.0098,0.007,0.0509,12.56,285150,0.0361,0.025,0.0224,4.357,1.433,0.625282
Xiamen,2021,0,0,0.0091,0.0072,0.0716,12.71,329495,0.0338,0.009,0.0811,3.763,2.617,0.995938
Xiamen,2022,0,0,0.0086,0.0073,0.0897,12.82,371208,0.0334,0.02,0.03,3.321,3.348,2.56889
Shanghai,2012,0,0,0.0084,0.0102,0.1262,13.61,816904,0.0239,0.026,0.078,3.258,7.078,0.266613
Shanghai,2013,0,0,0.0082,0.0104,0.1258,13.79,977722,0.0239,0.026,0.0777,3.347,5.874,0.200617
Shanghai,2014,0,0,0.0098,0.0105,0.1311,13.99,1187452,0.0254,0.02,0.0743,3.882,1.542,0.232189
Shanghai,2015,0,0,0.0119,0.0099,0.155,14.19,1449140,0.0282,0.014,0.0704,5.376,0.826,0.57065
Shanghai,2016,0,0,0.0117,0.0089,0.2151,14.38,1755371,0.03,0.02,0.0685,6.831,0.157,0.790011
Shanghai,2017,0,0,0.0115,0.0086,0.2484,14.41,1807767,0.0314,0.016,0.0695,5.551,0.452,1.603924
Shanghai,2018,0,0,0.0114,0.0094,0.3463,14.52,2027772,0.038,0.021,0.0675,4.528,1.018,1.281415
Shanghai,2019,0,0,0.0116,0.0095,0.3064,14.62,2237082,0.039,0.029,0.0595,4.612,1.321,2.09694
Shanghai,2020,0,0,0.0122,0.0089,0.3496,14.72,2462144,0.0392,0.025,0.0224,4.357,1.433,1.457519
Shanghai,2021,0,0,0.0125,0.0086,0.3666,14.79,2653199,0.0376,0.009,0.0811,3.763,2.617,3.196936
Shanghai,2022,0,0,0.0125,0.0081,0.4112,14.87,2878525,0.0364,0.02,0.03,3.321,3.348,3.648816
Sunong,2012,0,0,0.0166,0.0157,0.0094,10.95,57177,0.0344,0.026,0.078,3.258,7.078,0.032323
Sunong,2013,0,0,0.0135,0.0163,0.0128,11.04,62483,0.0323,0.026,0.0777,3.347,5.874,0.057716
Sunong,2014,0,0,0.0169,0.0125,0.0092,11.03,61945,0.0357,0.02,0.0743,3.882,1.542,0.0
Sunong,2015,0,0,0.0186,0.0092,0.0119,11.18,71453,0.0352,0.014,0.0704,5.376,0.826,0.03199
Sunong,2016,0,0,0.0178,0.0086,0.0186,11.31,81348,0.0334,0.02,0.0685,6.831,0.157,0.120642
Sunong,2017,0,0,0.0164,0.0084,0.0344,11.46,95271,0.0331,0.016,0.0695,5.551,0.452,0.005717
Sunong,2018,0,0,0.0131,0.0076,0.0348,11.67,116782,0.0326,0.021,0.0675,4.528,1.018,0.457152
Sunong,2019,0,0,0.0133,0.0075,0.0516,11.74,125955,0.0333,0.029,0.0595,4.612,1.321,0.906418
Sunong,2020,0,1,0.0128,0.0072,0.0637,11.85,139440,0.0392,0.025,0.0224,4.357,1.433,1.141271
Sunong,2021,0,1,0.01,0.0078,0.076,11.97,158725,0.0414,0.009,0.0811,3.763,2.617,1.776678
Sunong,2022,0,1,0.0095,0.0089,0.0734,12.1,180278,0.0421,0.02,0.03,3.321,3.348,2.87665
Suzhou,2012,0,0,0.0087,0.0131,0.0152,11.76,128420,0.0257,0.026,0.078,3.258,7.078,0.075024
Suzhou,2013,0,0,0.0088,0.0111,0.0138,12.01,163960,0.0262,0.026,0.0777,3.347,5.874,0.125773
Suzhou,2014,0,0,0.0137,0.0098,0.0158,12.23,204250,0.0278,0.02,0.0743,3.882,1.542,0.061266
Suzhou,2015,0,0,0.0148,0.0085,0.0353,12.35,230901,0.0303,0.014,0.0704,5.376,0.826,0.036307
Suzhou,2016,0,0,0.0149,0.0081,0.0991,12.47,260418,0.0278,0.02,0.0685,6.831,0.157,0.276419
Suzhou,2017,0,0,0.0143,0.0079,0.095,12.56,284118,0.0289,0.016,0.0695,5.551,0.452,0.16047
Suzhou,2018,0,0,0.0168,0.0078,0.1534,12.65,311086,0.0294,0.021,0.0675,4.528,1.018,0.440165
Suzhou,2019,0,0,0.0153,0.008,0.1009,12.75,343472,0.0342,0.029,0.0595,4.612,1.321,0.71743
Suzhou,2020,0,0,0.0138,0.0075,0.0952,12.87,388068,0.0402,0.025,0.0224,4.357,1.433,0.974351
Suzhou,2021,0,0,0.0111,0.0078,0.1159,13.02,453029,0.047,0.009,0.0811,3.763,2.617,1.831659
Suzhou,2022,0,0,0.0088,0.0084,0.1407,13.17,524549,0.0467,0.02,0.03,3.321,3.348,3.144017
Wuxi,2012,0,0,0.0088,0.0131,0.0029,11.2,72973,0.0258,0.026,0.078,3.258,7.078,0.032323
Wuxi,2013,0,0,0.0102,0.0119,0.011,11.34,83766,0.0259,0.026,0.0777,3.347,5.874,0.02117
Wuxi,2014,0,0,0.0115,0.0098,0.0125,11.56,104463,0.0264,0.02,0.0743,3.882,1.542,0.030083
Wuxi,2015,0,0,0.0117,0.0074,0.0511,11.66,115491,0.0267,0.014,0.0704,5.376,0.826,0.114056
Wuxi,2016,0,0,0.0139,0.0074,0.0446,11.73,124633,0.028,0.02,0.0685,6.831,0.157,0.156924
Wuxi,2017,0,0,0.0138,0.0076,0.0451,11.83,137125,0.0267,0.016,0.0695,5.551,0.452,0.130014
Wuxi,2018,0,0,0.0124,0.0074,0.0631,11.95,154395,0.0291,0.021,0.0675,4.528,1.018,0.207466
Wuxi,2019,0,0,0.0121,0.0079,0.0592,11.99,161912,0.035,0.029,0.0595,4.612,1.321,0.541068
Wuxi,2020,0,0,0.011,0.0077,0.0706,12.1,180018,0.0392,0.025,0.0224,4.357,1.433,0.517636
Wuxi,2021,0,0,0.0093,0.0085,0.0707,12.21,201770,0.0446,0.009,0.0811,3.763,2.617,0.782766
Wuxi,2022,0,0,0.0081,0.0097,0.06,12.26,211603,0.0446,0.02,0.03,3.321,3.348,2.266301
Xian,2012,0,0,0.0076,0.013,0.1221,11.71,122049,0.0266,0.026,0.078,3.258,7.078,0.0
Xian,2013,0,0,0.0065,0.0128,0.1367,11.8,133680,0.0251,0.026,0.0777,3.347,5.874,0.072537
Xian,2014,0,0,0.0079,0.0127,0.1008,11.93,151282,0.025,0.02,0.0743,3.882,1.542,0.121229
Xian,2015,0,0,0.0118,0.011,0.0843,12.25,210024,0.0264,0.014,0.0704,5.376,0.826,0.124557
Xian,2016,0,0,0.0127,0.0094,0.0829,12.29,217968,0.0258,0.02,0.0685,6.831,0.157,0.165296
Xian,2017,0,0,0.0124,0.0093,0.144,12.36,234121,0.0251,0.016,0.0695,5.551,0.452,0.522416
Xian,2018,0,0,0.012,0.0099,0.2034,12.4,243490,0.026,0.021,0.0675,4.528,1.018,0.766903
Xian,2019,0,0,0.0118,0.0103,0.269,12.54,278283,0.0309,0.029,0.0595,4.612,1.321,0.764182
Xian,2020,0,0,0.0118,0.0094,0.2682,12.63,306392,0.0318,0.025,0.0224,4.357,1.433,0.899444
Xian,2021,0,0,0.0132,0.0086,0.18,12.75,345864,0.0295,0.009,0.0811,3.763,2.617,0.967442
Xian,2022,0,0,0.0125,0.0065,0.2017,12.91,405839,0.0253,0.02,0.03,3.321,3.348,1.743899
Xingye,2012,0,1,0.0043,0.0123,0.188,14.99,3250975,0.02,0.026,0.078,3.258,7.078,0.670843
Xingye,2013,0,1,0.0076,0.012,0.1885,15.12,3677435,0.0268,0.026,0.0777,3.347,5.874,0.266469
Xingye,2014,0,1,0.011,0.0118,0.1764,15.3,4406399,0.0276,0.02,0.0743,3.882,1.542,0.559719
Xingye,2015,0,1,0.0146,0.0104,0.1738,15.48,5298880,0.0307,0.014,0.0704,5.376,0.826,0.411548
Xingye,2016,0,1,0.0165,0.0095,0.1978,15.62,6085895,0.0348,0.02,0.0685,6.831,0.157,0.650988
Xingye,2017,0,1,0.0159,0.0092,0.241,15.67,6416842,0.0337,0.016,0.0695,5.551,0.452,0.887997
Xingye,2018,0,1,0.0157,0.0093,0.2481,15.72,6711657,0.0326,0.021,0.0675,4.528,1.018,1.122987
Xingye,2019,0,1,0.0154,0.0096,0.2557,15.78,7145681,0.0307,0.029,0.0595,4.612,1.321,1.737996
Xingye,2020,0,1,0.0125,0.009,0.266,15.88,7894000,0.0274,0.025,0.0224,4.357,1.433,2.411048
Xingye,2021,0,1,0.011,0.0102,0.2694,15.97,8603024,0.0296,0.009,0.0811,3.763,2.617,4.376807
Xingye,2022,0,1,0.0109,0.0103,0.2795,16.04,9266671,0.0259,0.02,0.03,3.321,3.348,8.203789
Youchu,2012,1,0,0.0036,0.0063,0.3973,15.41,4903103,0.0187,0.026,0.078,3.258,7.078,0.113464
Youchu,2013,1,0,0.0051,0.0057,0.3234,15.53,5574451,0.0197,0.026,0.0777,3.347,5.874,0.217316
Youchu,2014,1,0,0.0064,0.0055,0.334,15.66,6298325,0.0233,0.02,0.0743,3.882,1.542,0.359259
Youchu,2015,1,0,0.008,0.0051,0.2663,15.8,7296364,0.024,0.014,0.0704,5.376,0.826,0.626719
Youchu,2016,1,0,0.0087,0.0051,0.2424,15.93,8265622,0.0237,0.02,0.0685,6.831,0.157,1.562259
Youchu,2017,1,0,0.0075,0.0055,0.2635,16.01,9012551,0.0244,0.016,0.0695,5.551,0.452,1.732127
Youchu,2018,1,0,0.0086,0.0057,0.2547,16.07,9516211,0.0299,0.021,0.0675,4.528,1.018,3.44767
Youchu,2019,1,0,0.0086,0.0062,0.2525,16.14,10216706,0.0335,0.029,0.0595,4.612,1.321,3.431029
Youchu,2020,1,0,0.0088,0.006,0.2632,16.25,11353263,0.036,0.025,0.0224,4.357,1.433,4.141754
Youchu,2021,1,0,0.0082,0.0064,0.264,16.35,12587873,0.0343,0.009,0.0811,3.763,2.617,4.649363
Youchu,2022,1,0,0.0084,0.0064,0.2669,16.46,14067282,0.0326,0.02,0.03,3.321,3.348,8.28165
Yunong,2012,0,0,0.0098,0.0138,0.094,12.98,433382,0.0342,0.026,0.078,3.258,7.078,0.092641
Yunong,2013,0,0,0.008,0.0129,0.088,13.13,502006,0.0346,0.026,0.0777,3.347,5.874,0.02117
Yunong,2014,0,0,0.0078,0.0122,0.0801,13.33,618449,0.0358,0.02,0.0743,3.882,1.542,0.017375
Yunong,2015,0,0,0.0098,0.0108,0.0878,13.48,716365,0.0411,0.014,0.0704,5.376,0.826,0.163877
Yunong,2016,0,0,0.0096,0.0105,0.0983,13.6,802718,0.041,0.02,0.0685,6.831,0.157,0.089559
Yunong,2017,0,0,0.0098,0.0105,0.1285,13.72,905338,0.0421,0.016,0.0695,5.551,0.452,0.289647
Yunong,2018,0,0,0.0129,0.0099,0.1315,13.76,950178,0.045,0.021,0.0675,4.528,1.018,0.973511
Yunong,2019,0,0,0.0125,0.0101,0.1205,13.84,1029790,0.0475,0.029,0.0595,4.612,1.321,1.233517
Yunong,2020,0,0,0.0131,0.0079,0.1529,13.94,1135926,0.0412,0.025,0.0224,4.357,1.433,0.892977
Yunong,2021,0,0,0.0125,0.0081,0.1691,14.05,1265851,0.0427,0.009,0.0811,3.763,2.617,1.806569
Yunong,2022,0,0,0.0122,0.008,0.175,14.12,1351861,0.0436,0.02,0.03,3.321,3.348,5.817185
Zhangjiagang,2012,0,0,0.01,0.0142,0.0048,11.18,71528,0.0307,0.026,0.078,3.258,7.078,0.0
Zhangjiagang,2013,0,0,0.0108,0.0143,0.0048,11.19,72570,0.0319,0.026,0.0777,3.347,5.874,0.057308
Zhangjiagang,2014,0,0,0.0151,0.01,0.0034,11.18,71970,0.0318,0.02,0.0743,3.882,1.542,0.011764
Zhangjiagang,2015,0,0,0.0196,0.0088,0.0234,11.32,82354,0.0338,0.014,0.0704,5.376,0.826,0.088977
Zhangjiagang,2016,0,0,0.0196,0.0081,0.0292,11.41,90178,0.0354,0.02,0.0685,6.831,0.157,0.180283
Zhangjiagang,2017,0,0,0.0178,0.0078,0.0325,11.54,103173,0.0329,0.016,0.0695,5.551,0.452,0.146779
Zhangjiagang,2018,0,0,0.0147,0.0076,0.0504,11.64,113446,0.0329,0.021,0.0675,4.528,1.018,0.317174
Zhangjiagang,2019,0,0,0.0138,0.0079,0.0654,11.72,123045,0.0347,0.029,0.0595,4.612,1.321,0.687198
Zhangjiagang,2020,0,0,0.0117,0.0075,0.086,11.88,143818,0.0361,0.025,0.0224,4.357,1.433,0.55061
Zhangjiagang,2021,0,0,0.0095,0.0087,0.1234,12.01,164579,0.0449,0.009,0.0811,3.763,2.617,2.109513
Zhangjiagang,2022,0,0,0.0089,0.0096,0.1709,12.14,187533,0.0463,0.02,0.03,3.321,3.348,2.983721
Changsha,2012,0,0,0.0072,0.0136,0.1298,12.0,162596,0.0266,0.026,0.078,3.258,7.078,0.074249
Changsha,2013,0,0,0.0093,0.0124,0.1249,12.17,193412,0.0268,0.026,0.0777,3.347,5.874,0.11894
Changsha,2014,0,0,0.0128,0.0117,0.1303,12.29,216628,0.027,0.02,0.0743,3.882,1.542,0.212343
Changsha,2015,0,0,0.0122,0.011,0.0889,12.56,285366,0.0285,0.014,0.0704,5.376,0.826,0.159661
Changsha,2016,0,0,0.0119,0.0097,0.1135,12.86,383505,0.0313,0.02,0.0685,6.831,0.157,0.154282
Changsha,2017,0,0,0.0124,0.0093,0.1568,13.06,470544,0.0321,0.016,0.0695,5.551,0.452,0.621347
Changsha,2018,0,0,0.0129,0.0092,0.1947,13.17,526630,0.0356,0.021,0.0675,4.528,1.018,0.483541
Changsha,2019,0,0,0.0122,0.0093,0.2167,13.31,601998,0.0342,0.029,0.0595,4.612,1.321,1.211741
Changsha,2020,0,0,0.0121,0.0085,0.2176,13.46,704235,0.0354,0.025,0.0224,4.357,1.433,1.382292
Changsha,2021,0,0,0.012,0.0088,0.2414,13.59,796150,0.0356,0.009,0.0811,3.763,2.617,1.447136
Changsha,2022,0,0,0.0116,0.0084,0.2514,13.72,904733,0.0361,0.02,0.03,3.321,3.348,3.091597
Zhaoshang,2012,0,1,0.0061,0.0146,0.2067,15.04,3408099,0.0216,0.026,0.078,3.258,7.078,0.319009
Zhaoshang,2013,0,1,0.0083,0.0139,0.2031,15.21,4016399,0.0222,0.026,0.0777,3.347,5.874,0.284323
Zhaoshang,2014,0,1,0.0111,0.0128,0.2168,15.37,4731829,0.0259,0.02,0.0743,3.882,1.542,0.529593
Zhaoshang,2015,0,1,0.0168,0.0114,0.2377,15.52,5474978,0.03,0.014,0.0704,5.376,0.826,0.600784
Zhaoshang,2016,0,1,0.0187,0.0109,0.2607,15.6,5942311,0.0337,0.02,0.0685,6.831,0.157,1.042239
Zhaoshang,2017,0,1,0.0161,0.0115,0.3055,15.66,6297638,0.0422,0.016,0.0695,5.551,0.452,2.113758
Zhaoshang,2018,0,1,0.0136,0.0124,0.3358,15.72,6745729,0.0488,0.021,0.0675,4.528,1.018,1.765215
Zhaoshang,2019,0,1,0.0116,0.0132,0.342,15.82,7417240,0.0497,0.029,0.0595,4.612,1.321,1.706071
Zhaoshang,2020,0,1,0.0107,0.0124,0.3497,15.94,8361448,0.0467,0.025,0.0224,4.357,1.433,1.779943
Zhaoshang,2021,0,1,0.0091,0.0137,0.3549,16.04,9249021,0.0442,0.009,0.0811,3.763,2.617,1.867206
Zhaoshang,2022,0,1,0.0096,0.0144,0.3668,16.13,10138912,0.0432,0.02,0.03,3.321,3.348,4.617397
Zheshang,2012,0,1,0.0046,0.0116,0.0735,12.88,393839,0.0196,0.026,0.078,3.258,7.078,0.058789
Zheshang,2013,0,1,0.0064,0.0111,0.0735,13.1,488117,0.0211,0.026,0.0777,3.347,5.874,0.079504
Zheshang,2014,0,1,0.0088,0.0088,0.0698,13.41,669957,0.0259,0.02,0.0743,3.882,1.542,0.370426
Zheshang,2015,0,1,0.0123,0.0083,0.0702,13.85,1031650,0.0295,0.014,0.0704,5.376,0.826,0.309731
Zheshang,2016,0,1,0.0133,0.0085,0.1178,14.12,1354855,0.0344,0.02,0.0685,6.831,0.157,0.598606
Zheshang,2017,0,1,0.0115,0.0076,0.1207,14.25,1536752,0.0343,0.016,0.0695,5.551,0.452,0.873897
Zheshang,2018,0,1,0.012,0.0073,0.1464,14.31,1646695,0.0325,0.021,0.0675,4.528,1.018,1.676099
Zheshang,2019,0,1,0.0137,0.0076,0.1779,14.4,1800786,0.0303,0.029,0.0595,4.612,1.321,1.655541
Zheshang,2020,0,1,0.0142,0.0065,0.2489,14.53,2048225,0.0272,0.025,0.0224,4.357,1.433,1.611981
Zheshang,2021,0,1,0.0153,0.006,0.2713,14.64,2286723,0.0268,0.009,0.0811,3.763,2.617,2.201317
Zheshang,2022,0,1,0.0147,0.0057,0.2417,14.78,2621930,0.0267,0.02,0.03,3.321,3.348,5.155388
Zhengzhou,2012,0,1,0.0047,0.0166,0.0061,11.55,103734,0.0201,0.026,0.078,3.258,7.078,0.015077
Zhengzhou,2013,0,1,0.0053,0.015,0.0206,11.91,149334,0.0224,0.026,0.0777,3.347,5.874,0.058017
Zhengzhou,2014,0,1,0.0075,0.0139,0.0325,12.23,204289,0.0226,0.02,0.0743,3.882,1.542,0.033928
Zhengzhou,2015,0,1,0.011,0.0143,0.014,12.49,265623,0.0285,0.014,0.0704,5.376,0.826,0.125068
Zhengzhou,2016,0,1,0.0131,0.0128,0.0689,12.81,366148,0.0311,0.02,0.0685,6.831,0.157,0.08851
Zhengzhou,2017,0,1,0.015,0.0108,0.1203,12.99,435829,0.0311,0.016,0.0695,5.551,0.452,0.381466
Zhengzhou,2018,0,1,0.0247,0.0069,0.1302,13.05,466142,0.0382,0.021,0.0675,4.528,1.018,0.389581
Zhengzhou,2019,0,1,0.0237,0.007,0.1347,13.12,500478,0.0379,0.029,0.0595,4.612,1.321,0.706971
Zhengzhou,2020,0,1,0.0208,0.0063,0.1331,13.21,547813,0.0333,0.025,0.0224,4.357,1.433,0.744955
Zhengzhou,2021,0,1,0.0185,0.0061,0.164,13.26,574980,0.029,0.009,0.0811,3.763,2.617,0.986853
Zhengzhou,2022,0,1,0.0188,0.0045,0.1862,13.29,591514,0.0312,0.02,0.03,3.321,3.348,2.504138
Zhongguo,2012,1,0,0.0095,0.0119,0.2944,16.36,12680615,0.0262,0.026,0.078,3.258,7.078,0.187003
Zhongguo,2013,1,0,0.0096,0.0123,0.3116,16.45,13874299,0.0262,0.026,0.0777,3.347,5.874,0.205101
Zhongguo,2014,1,0,0.0118,0.0122,0.3125,16.54,15251382,0.0268,0.02,0.0743,3.882,1.542,0.287676
Zhongguo,2015,1,0,0.0143,0.0112,0.2986,16.64,16815597,0.0262,0.014,0.0704,5.376,0.826,0.450462
Zhongguo,2016,1,0,0.0146,0.0105,0.2922,16.71,18148889,0.0287,0.02,0.0685,6.831,0.157,0.937979
Zhongguo,2017,1,0,0.0145,0.0098,0.3164,16.78,19467424,0.0277,0.016,0.0695,5.551,0.452,1.644129
Zhongguo,2018,1,0,0.0142,0.0094,0.3077,16.87,21267275,0.0307,0.021,0.0675,4.528,1.018,2.559381
Zhongguo,2019,1,0,0.0137,0.0092,0.3185,16.94,22769744,0.0297,0.029,0.0595,4.612,1.321,2.34173
Zhongguo,2020,1,0,0.0146,0.0087,0.3196,17.01,24402659,0.0296,0.025,0.0224,4.357,1.433,2.883326
Zhongguo,2021,1,0,0.0133,0.0089,0.3195,17.1,26722408,0.0283,0.009,0.0811,3.763,2.617,3.424163
Zhongguo,2022,1,0,0.0132,0.0085,0.341,17.18,28913857,0.025,0.02,0.03,3.321,3.348,6.738541
Zhongxin,2012,0,1,0.0074,0.011,0.1983,14.9,2959939,0.0212,0.026,0.078,3.258,7.078,0.402424
Zhongxin,2013,0,1,0.0103,0.012,0.206,15.11,3641193,0.0213,0.026,0.0777,3.347,5.874,0.678196
Zhongxin,2014,0,1,0.013,0.0107,0.1796,15.24,4138815,0.0236,0.02,0.0743,3.882,1.542,0.451082
Zhongxin,2015,0,1,0.0143,0.009,0.1949,15.45,5122292,0.0239,0.014,0.0704,5.376,0.826,0.334093
Zhongxin,2016,0,1,0.0169,0.0076,0.1905,15.6,5931050,0.0262,0.02,0.0685,6.831,0.157,0.670955
Zhongxin,2017,0,1,0.0168,0.0074,0.2215,15.55,5677691,0.0284,0.016,0.0695,5.551,0.452,0.857
Zhongxin,2018,0,1,0.0177,0.0077,0.2234,15.62,6066714,0.028,0.021,0.0675,4.528,1.018,1.22526
Zhongxin,2019,0,1,0.0165,0.0076,0.2441,15.73,6750433,0.029,0.029,0.0595,4.612,1.321,1.922141
Zhongxin,2020,0,1,0.0164,0.0069,0.2501,15.83,7511161,0.0282,0.025,0.0224,4.357,1.433,2.308138
Zhongxin,2021,0,1,0.0139,0.0072,0.2661,15.9,8042884,0.025,0.009,0.0811,3.763,2.617,2.765535
Zhongxin,2022,0,1,0.0127,0.0076,0.2687,15.96,8547543,0.0255,0.02,0.03,3.321,3.348,6.47986
Zijin,2012,0,1,0.0275,0.0087,0.0116,10.84,51066,0.0556,0.026,0.078,3.258,7.078,0.0
Zijin,2013,0,1,0.029,0.0103,0.0276,11.01,60524,0.054,0.026,0.0777,3.347,5.874,0.0
Zijin,2014,0,1,0.0271,0.0114,0.0315,11.17,70807,0.0487,0.02,0.0743,3.882,1.542,0.064474
Zijin,2015,0,1,0.0229,0.0097,0.0864,11.53,101791,0.0447,0.014,0.0704,5.376,0.826,0.056278
Zijin,2016,0,1,0.0198,0.0088,0.0573,11.8,133803,0.0479,0.02,0.0685,6.831,0.157,0.05833
Zijin,2017,0,1,0.0184,0.0075,0.1127,12.05,170949,0.0452,0.016,0.0695,5.551,0.452,0.148401
Zijin,2018,0,1,0.0169,0.0069,0.1234,12.17,193165,0.0388,0.021,0.0675,4.528,1.018,0.223918
Zijin,2019,0,1,0.0168,0.0072,0.104,12.21,201319,0.0399,0.029,0.0595,4.612,1.321,0.460878
Zijin,2020,0,1,0.0168,0.0069,0.1121,12.29,217664,0.037,0.025,0.0224,4.357,1.433,0.402785
Zijin,2021,0,1,0.0145,0.0071,0.18,12.24,206666,0.0336,0.009,0.0811,3.763,2.617,0.724859
Zijin,2022,0,1,0.012,0.0074,0.229,12.32,224722,0.0297,0.02,0.03,3.321,3.348,1.637965
